Código,Nome,Volume,Última (R$),Variação
MGLU3,Magazine Luiza,111.456.800,3,18,+0,95%
VALE3,Vale,57.287.600,65,46,+0,94%
VIIA3,Via,56.774.500,2,12,+2,42%
PETR4,Petrobras,55.194.300,29,50,-0,51%
HAPV3,Hapvida,51.542.700,4,37,+1,39%
B3SA3,B3,47.333.200,14,36,+1,27%
CIEL3,Cielo,31.016.700,4,65,+4,97%
HBSA3,Hidrovias do Brasil,29.469.600,3,42,+4,59%
ITUB4,Itaú Unibanco,27.738.800,29,14,+1,89%
CVCB3,CVC,26.955.000,3,43,+6,19%
LREN3,Lojas Renner,21.918.200,20,42,+3,13%
BBDC4,Banco Bradesco,21.703.000,16,28,+0,68%
PETZ3,Petz,21.041.800,7,27,+8,51%
COGN3,Cogna,19.499.200,3,31,+3,76%
RAIZ4,Raízen,18.785.600,4,20,+0,96%
ABEV3,Ambev,18.082.900,14,85,+0,13%
BRFS3,BRF,17.311.400,10,08,+7,23%
GOLL4,GOL,16.927.300,12,00,+0,84%
AMER3,Americanas,14.070.800,1,16,+1,75%
USIM5,Usiminas,13.449.300,7,53,+2,17%
RRRP3,3R Petroleum,12.945.800,32,25,+7,04%
CSAN3,Cosan,12.728.300,18,96,+3,78%
EQTL3,Equatorial Energia,12.574.200,32,97,+0,89%
RAIL3,Rumo,12.543.500,22,72,+1,34%
ANIM3,Ânima Educação,12.162.900,4,20,+4,22%
ASAI3,Assaí,12.149.100,14,00,+3,02%
ITSA4,Itaúsa,11.870.100,9,74,+1,35%
BBAS3,Banco do Brasil,11.504.900,49,96,+1,94%
AZUL4,Azul,11.503.100,19,32,+0,94%
IFCM3,Infracommerce,11.253.900,2,09,+10,00%
CSNA3,Siderúrgica Nacional,11.194.100,12,72,+4,61%
OIBR3,Oi,10.755.800,1,03,+1,98%
PRIO3,PetroRio,10.665.300,39,35,+3,15%
CMIG4,CEMIG,10.398.100,12,60,+0,80%
VBBR3,Vibra Energia,9.825.900,18,31,+2,23%
NTCO3,Natura,9.809.700,16,73,+0,72%
JBSS3,JBS,9.604.100,17,75,+0,62%
UGPA3,Ultrapar,9.481.100,19,30,+4,61%
VAMO3,Grupo Vamos,9.448.200,11,90,+1,71%
SOMA3,Grupo Soma,9.156.000,12,02,+0,50%
SEQL3,Sequoia Logística,9.043.800,1,48,+0,00%
POMO4,Marcopolo,8.901.700,5,01,+2,24%
ODPV3,Odontoprev,8.807.200,12,85,+5,94%
MRVE3,MRV,8.682.800,13,29,+2,78%
CPLE6,Copel,8.580.500,8,10,+0,00%
PETR3,Petrobras,8.279.200,33,13,-0,54%
AERI3,Aeris Energy,7.842.500,1,36,+3,03%
BOAS3,Boa Vista,7.720.100,7,99,+0,13%
ALPA4,Alpargatas,7.585.000,9,20,+0,88%
CCRO3,Grupo CCR,7.540.000,13,78,+1,55%
EMBR3,Embraer,7.464.600,18,23,-1,99%
LIGT3,Light,7.384.600,8,64,-1,82%
GGBR4,Gerdau,7.363.100,26,14,+2,23%
GFSA3,Gafisa,7.156.700,6,36,-0,31%
PCAR3,Grupo Pão de Açúcar,7.080.300,22,14,+10,15%
IRBR3,IRB Brasil RE,7.012.000,52,36,+7,45%
CYRE3,Cyrela,6.985.800,21,05,+5,73%
ENEV3,Eneva,6.789.000,12,49,+2,04%
TIMS3,TIM,6.661.800,14,19,+0,78%
BEEF3,Minerva,6.529.600,10,52,+0,77%
CMIN3,CSN Mineração,6.141.800,4,21,+2,18%
FLRY3,Fleury,6.091.100,16,21,+0,43%
CRFB3,Carrefour Brasil,6.060.700,11,63,+5,82%
ELET3,Eletrobras,5.801.900,39,52,+1,36%
RENT3,Localiza,5.788.300,70,14,+1,29%
AMAR3,Lojas Marisa,5.561.000,0,91,+5,81%
MRFG3,Marfrig,5.529.500,7,49,+2,74%
BRAP4,Bradespar,5.519.800,22,14,+0,87%
LWSA3,Locaweb,5.376.300,8,52,+1,19%
MOVI3,Movida,5.262.300,11,50,+5,50%
GMAT3,Grupo Mateus,4.977.400,8,02,+0,25%
CBAV3,CBA,4.836.000,5,22,+2,96%
YDUQ3,YDUQS,4.675.400,20,00,+0,25%
TEND3,Construtora Tenda,4.628.500,13,22,+6,61%
RDOR3,Rede D'Or,4.594.200,31,64,+1,41%
GOAU4,Metalúrgica Gerdau,4.573.800,12,37,+2,23%
RADL3,RaiaDrogasil,4.452.500,28,49,+1,57%
ENBR3,EDP Brasil,4.402.300,23,66,+0,08%
LJQQ3,Lojas Quero-Quero,4.274.300,6,39,+3,06%
ONCO3,Oncoclínicas,4.247.500,10,53,+1,84%
WEGE3,WEG,4.221.200,37,00,+0,30%
HYPE3,Hypera,3.998.300,45,74,-0,33%
SUZB3,Suzano,3.963.800,44,51,+0,91%
RECV3,PetroRecôncavo,3.946.100,20,52,+6,54%
SIMH3,Simpar,3.838.100,9,48,+5,92%
BBSE3,BB Seguridade,3.682.400,31,32,+0,19%
JHSF3,JHSF,3.649.600,5,46,+3,41%
DXCO3,Dexco,3.580.200,8,24,+3,52%
BPAN4,Banco Pan,3.508.100,9,05,+3,90%
STBP3,Santos Brasil,3.373.100,10,39,+2,77%
ALSO3,Aliansce Sonae,3.286.300,25,47,+1,72%
BBDC3,Banco Bradesco,3.277.600,14,50,+1,05%
EZTC3,EZTEC,3.064.000,19,89,+5,46%
MBLY3,Mobly,3.040.300,4,32,+0,00%
KRSA3,Kora Saúde,2.895.500,1,10,+10,00%
CEAB3,C&A,2.886.700,5,74,+3,42%
ESPA3,Espaçolaser,2.813.000,2,04,+6,81%
TOTS3,Totvs,2.791.100,30,50,+1,84%
MULT3,Multiplan,2.633.200,27,51,+1,14%
ECOR3,EcoRodovias,2.626.700,6,37,+2,74%
TRAD3,Traders Club,2.617.700,1,70,-3,41%
CSMG3,COPASA,2.567.900,20,80,+3,02%
DIRR3,Direcional,2.537.200,19,20,+1,69%
QUAL3,Qualicorp,2.301.300,4,77,+2,14%
SMFT3,Smart Fit,2.270.800,22,40,+3,46%
CPFE3,CPFL Energia,2.236.300,35,70,+0,34%
SBSP3,Sabesp,2.182.500,56,00,+1,74%
ENAT3,Enauta,2.179.500,12,84,+0,94%
RAPT4,Randon,2.073.600,12,19,+1,75%
KEPL3,Kepler Weber,2.023.700,9,30,-0,64%
RCSL4,Recrusul,2.019.800,0,89,+4,71%
BRKM5,Braskem,1.986.100,27,05,+0,30%
EGIE3,Engie,1.934.700,44,70,+0,13%
NEOE3,Neoenergia,1.911.100,21,21,+1,97%
SAPR4,Sanepar,1.855.800,4,23,+0,95%
RCSL3,Recrusul,1.848.300,1,67,+2,45%
MILS3,Mills,1.731.400,12,15,+5,19%
ZAMP3,Zamp,1.689.800,4,65,+3,33%
SLCE3,SLC Agrícola,1.681.000,40,81,+1,75%
AZEV4,Azevedo & Travassos,1.678.400,1,94,+0,52%
TRIS3,Trisul,1.656.900,6,24,+2,80%
MLAS3,Multilaser,1.656.700,3,05,+3,39%
BRSR6,Banrisul,1.632.500,15,09,+1,28%
SBFG3,Grupo SBF,1.507.500,13,64,+2,79%
KLBN4,Klabin,1.499.700,4,37,+1,39%
VIVT3,Vivo,1.489.600,42,11,-0,68%
NGRD3,Neogrid,1.456.400,1,89,-1,56%
PSSA3,Porto Seguro,1.409.100,28,93,+0,63%
LUPA3,Lupatech,1.378.700,3,28,+5,81%
SMTO3,São Martinho,1.334.500,34,59,+3,38%
CXSE3,Caixa Seguridade,1.330.500,10,24,+0,20%
GRND3,Grendene,1.328.300,7,58,-0,26%
AMBP3,Ambipar,1.276.100,23,34,+0,00%
ELET6,Eletrobras,1.247.800,43,85,+1,15%
CAML3,Camil Alimentos,1.219.500,7,27,+2,11%
GUAR3,Guararapes,1.211.500,8,29,+3,24%
GGPS3,GPS,1.210.600,17,58,+1,74%
BRIT3,Brisanet,1.209.100,2,76,-0,72%
SEER3,Ser Educacional,1.207.700,5,77,+4,34%
CURY3,Cury,1.197.400,15,97,-0,06%
CASH3,Méliuz,1.194.300,7,78,+0,39%
PTBL3,Portobello,1.181.900,7,81,+6,26%
VIVA3,Vivara,1.147.400,29,41,+0,51%
TTEN3,3tentos,1.124.000,13,53,+2,97%
MTRE3,Mitre Realty,1.121.100,7,53,+6,06%
MYPK3,Iochpe-Maxion,1.120.100,12,15,+1,67%
POSI3,Positivo,1.115.700,9,06,+0,44%
WEST3,Westwing,1.063.100,1,66,-0,60%
ARZZ3,Arezzo,1.057.000,83,55,-0,12%
LAVV3,Lavvi Incorporadora,1.030.800,7,34,+3,67%
ENJU3,Enjoei,1.008.700,1,32,+0,76%
INTB3,Intelbras,1.007.700,24,50,+0,20%
TRPL4,Transmissão Paulista,960.800,25,23,+0,72%
MEAL3,IMC Alimentação,912.800,2,74,+3,40%
ATMP3,Atma,889.600,2,37,+20,92%
AESB3,AES Brasil,886.100,12,14,+0,25%
BMGB4,Banco BMG,846.800,2,92,+1,04%
PLPL3,Plano&Plano,822.700,9,42,+0,21%
ABCB4,Banco ABC Brasil,816.000,18,14,-0,22%
PGMN3,Pague Menos,795.400,4,32,+4,85%
ARML3,Armac,747.700,14,99,+2,53%
MDIA3,M. Dias Branco,738.900,43,59,+0,46%
HBOR3,Helbor,738.400,3,83,+2,96%
EVEN3,Even,731.100,7,18,+2,13%
RANI3,Irani,663.600,9,65,+1,90%
TUPY3,Tupy,656.600,25,77,+1,10%
AGRO3,BrasilAgro,655.400,25,86,+1,06%
CPLE3,Copel,647.100,8,03,-0,25%
SHOW3,Time For Fun,583.000,3,07,+7,72%
PDTC3,Padtec,566.700,2,40,-0,83%
PNVL3,Dimed,564.900,13,25,+2,71%
CLSA3,ClearSale,558.300,6,69,-2,62%
DASA3,Dasa,557.400,13,01,+1,72%
MDNE3,Moura Dubeux,523.200,10,42,+4,72%
TASA4,Taurus,518.100,15,05,+0,13%
AZEV3,Azevedo & Travassos,486.600,2,05,+2,50%
JALL3,Jalles Machado,481.300,7,72,+2,25%
VIVR3,Viver,472.100,3,16,+2,60%
SHUL4,Schulz,466.500,6,34,+5,67%
VLID3,Valid,462.200,13,98,+0,58%
WIZC3,Wiz Soluções,441.500,6,49,+1,88%
BMOB3,Bemobi,435.100,13,80,+0,73%
ALPK3,Estapar,427.000,4,97,-1,39%
OPCT3,OceanPact,422.700,5,01,+3,73%
PRNR3,Priner,419.200,10,16,+4,53%
DMVF3,D1000 Varejo Farma,408.200,5,08,+7,86%
SGPS3,Springs,397.100,2,84,-1,73%
USIM3,Usiminas,394.300,7,60,+2,70%
POMO3,Marcopolo,380.900,4,15,+3,49%
ITUB3,Itaú Unibanco,358.500,25,30,+1,28%
CMIG3,CEMIG,345.500,17,97,+0,11%
BLAU3,Blau Farmacêutica,339.100,19,85,+0,66%
VULC3,Vulcabras,332.500,17,40,+1,22%
ROMI3,Indústrias ROMI,331.100,16,60,+1,10%
HBRE3,HBR Realty,326.600,5,58,+2,01%
PORT3,Wilson Sons,313.700,13,16,+1,08%
LOGG3,LOG CP,308.600,24,19,+1,30%
DOTZ3,Dotz,306.800,1,59,+0,00%
SQIA3,Sinqia,304.400,23,01,-0,48%
FRAS3,Fras-le,294.400,13,31,+1,60%
SYNE3,SYN,293.700,4,21,+3,44%
LEVE3,Mahle Metal Leve,280.400,46,14,+3,11%
ORVR3,Orizon,274.200,39,72,+1,59%
MATD3,Mater Dei,272.400,10,40,+1,36%
CSED3,Cruzeiro do Sul Educacional,260.800,4,12,+3,78%
SOJA3,Boa Safra Sementes,244.600,11,50,+2,22%
FIQE3,Unifique,244.200,4,16,-0,72%
SAPR3,Sanepar,227.300,4,04,+0,75%
DESK3,Desktop,224.500,14,31,+4,53%
JSLG3,JSL,217.800,8,94,+2,76%
KLBN3,Klabin,198.700,4,42,+1,14%
ETER3,Eternit,198.400,11,04,+1,01%
TECN3,Technos,194.000,3,75,+3,31%
PFRM3,Profarma,188.300,3,90,-0,51%
PINE4,PINE,187.900,2,93,+1,74%
INEP3,Inepar,176.800,5,30,-2,21%
ELMD3,Eletromidia,171.000,15,00,+0,33%
AGXY3,AgroGalaxy,162.800,5,90,-1,67%
SLED4,Saraiva,161.500,2,45,-2,00%
MELK3,Melnick,158.300,4,36,-1,13%
UNIP6,Unipar,157.100,80,91,+0,75%
FESA4,Ferbasa,143.400,48,70,+1,46%
RNEW4,Renova Energia,137.700,1,79,-0,56%
VITT3,Vittia,130.100,11,87,+1,02%
TFCO4,Track & Field,127.600,12,49,+0,81%
TAEE4,Taesa,126.200,12,49,+0,97%
EUCA4,Eucatex,122.100,12,06,+1,77%
LPSB3,Lopes,118.500,2,71,-0,73%
AALR3,Alliança,112.000,23,84,-0,08%
ITSA3,Itaúsa,103.200,9,87,+0,61%
OIBR4,Oi,101.400,2,32,+2,20%
RNEW3,Renova Energia,99.800,1,74,+1,75%
NINJ3,GetNinjas,97.100,3,90,+0,00%
LOGN3,Log-In,92.400,51,94,+2,73%
BRPR3,BR Properties,90.200,95,76,+2,75%
TCSA3,Tecnisa,87.400,3,76,+2,45%
RPMG3,Refinaria de Manguinhos,87.000,3,30,-4,90%
JFEN3,João Fortes,86.800,3,92,-1,01%
TGMA3,Tegma,80.100,21,38,+0,28%
VVEO3,Viveo,79.600,20,81,+2,01%
TAEE3,Taesa,78.000,12,45,+0,89%
SANB4,Banco Santander,74.700,15,76,+0,19%
RSID3,Rossi Residencial,73.100,4,76,+4,62%
BRAP3,Bradespar,66.600,20,78,+0,63%
GGBR3,Gerdau,65.300,23,93,+2,97%
CAMB3,Cambuci,55.100,9,04,-0,88%
SANB3,Banco Santander,52.200,14,17,+1,21%
ALLD3,Allied,47.400,7,20,+3,15%
GOAU3,Metalúrgica Gerdau,46.300,12,11,+2,28%
TPIS3,Triunfo,45.400,4,24,+1,68%
ATOM3,ATOM,44.700,2,69,+0,00%
BIOM3,Biomm,44.000,5,51,-3,33%
IGTI3,Jereissati Participações,41.700,2,89,+2,12%
IGTI3,Iguatemi,41.700,2,89,+2,12%
CSUD3,CSU Cardsystem,39.400,13,26,+2,00%
INEP4,Inepar,38.000,3,98,+1,53%
PDGR3,PDG Realty,37.000,6,05,+1,17%
FHER3,Fertilizantes Heringer,34.200,14,90,-3,12%
LVTC3,WDC Networks,32.200,6,35,+2,58%
DEXP3,Dexxos,30.900,9,53,+0,32%
COCE5,Coelce,30.000,54,95,-1,54%
CTSA4,Santanense,29.900,2,97,+1,02%
PMAM3,Paranapanema,29.500,4,65,-0,21%
RDNI3,RNI,26.600,5,91,-0,17%
WLMM4,WLM,26.300,20,06,-1,08%
PTNT4,Pettenati,25.300,7,20,+3,00%
VSTE3,LE LIS BLANC,25.200,18,20,+1,11%
MWET4,Wetzel,25.200,10,80,-0,64%
HAGA4,Haga,25.100,1,30,-1,52%
CGRA3,Grazziotin,24.600,29,00,-0,28%
ALUP4,Alupar,23.600,9,90,+0,92%
BRKM3,Braskem,22.600,27,50,+0,26%
BOBR4,Bombril,21.900,1,75,+1,74%
RAPT3,Randon,21.400,10,00,+1,83%
RSUL4,Metalúrgica Riosulense,20.900,62,78,+1,26%
UCAS3,Unicasa,18.800,2,84,-0,70%
TASA3,Taurus,18.200,15,02,+0,20%
CTNM4,Coteminas,17.300,3,10,+0,65%
LAND3,Terra Santa,16.200,25,17,+0,52%
OSXB3,OSX Brasil,16.100,4,80,-1,84%
ENGI4,Energisa,15.800,9,00,+1,58%
CEBR6,CEB,14.200,14,80,+1,09%
BPAC5,Banco BTG Pactual,13.100,8,22,+3,92%
CEBR5,CEB,12.900,13,41,+0,68%
CEBR3,CEB,12.400,13,48,+1,20%
NEXP3,Brasil Brokers,12.300,6,69,+6,36%
BEES3,Banestes,12.200,9,10,+0,11%
ALUP3,Alupar,12.000,9,92,-0,80%
BAHI3,Bahema,10.800,9,65,+3,32%
CLSC4,Celesc,10.400,59,01,+0,02%
CTSA3,Santanense,9.700,4,01,-1,23%
APER3,Alper,9.000,28,94,-0,92%
CEDO4,Cedro Têxtil,8.700,9,40,+1,62%
AVLL3,Alphaville,8.700,6,95,-2,11%
BRSR3,Banrisul,8.200,14,80,+0,34%
ENGI3,Energisa,7.800,15,03,+1,21%
HOOT4,Hotéis Othon,7.800,2,40,+1,69%
OFSA3,Ourofino Saúde Animal,7.600,25,27,-1,29%
BEES4,Banestes,7.300,10,19,+0,79%
EALT4,Electro Aço Altona,7.000,8,04,+0,00%
CEEB3,COELBA,6.900,42,27,+1,00%
UNIP3,Unipar,6.700,77,12,+0,74%
BPAC3,Banco BTG Pactual,6.400,15,89,+5,86%
TELB4,Telebras,6.400,12,70,-1,55%
HAGA3,Haga,6.300,3,08,-2,53%
REDE3,Rede Energia,6.200,5,87,+1,38%
CRPG5,Tronox Pigmentos,6.100,36,67,+4,15%
BAZA3,Banco da Amazônia,5.300,70,16,+0,17%
CRIV4,Alfa Financeira,5.300,5,47,-0,18%
WHRL4,Whirlpool,5.300,4,69,+0,64%
ESTR4,Estrela,5.100,6,74,-5,07%
MNPR3,Minupar,4.900,12,98,+0,23%
SCAR3,São Carlos,4.600,20,60,+1,38%
DEXP4,Dexxos,4.500,8,85,-3,80%
EQPA3,Equatorial Energia Pará,3.700,5,76,-0,52%
TRPL3,Transmissão Paulista,3.600,33,49,+1,12%
HETA4,Hercules,3.600,6,29,+1,13%
MTSA4,METISA,3.300,46,83,-0,99%
FRTA3,Pomi Frutas,3.200,3,79,+2,43%
CEDO3,Cedro Têxtil,2.800,11,63,+1,22%
CRPG6,Tronox Pigmentos,2.300,35,75,+0,14%
EUCA3,Eucatex,2.300,18,37,+7,43%
MGEL4,Mangels,1.800,17,90,-0,44%
CTNM3,Coteminas,1.700,9,80,+2,94%
MNDL3,Mundial,1.500,55,50,-1,07%
BMEB4,Banco Mercantil do Brasil,1.400,10,79,-0,09%
CGRA4,Grazziotin,1.300,30,43,+0,36%
ALPA3,Alpargatas,1.300,10,04,-0,99%
BRGE3,Consórcio Alfa,1.300,9,99,+4,17%
EMAE4,EMAE,1.200,65,81,+4,38%
EALT3,Electro Aço Altona,1.000,8,40,+7,14%
CGAS5,Comgás,900,129,00,-0,03%
BALM3,Baumer,800,11,70,-0,59%
BALM4,Baumer,800,9,85,+0,00%
DOHL4,Döhler,800,5,50,-0,72%
EQMA3B,Equatorial Maranhão,700,25,80,+5,09%
TELB3,Telebras,700,18,00,+1,24%
AFLT3,Afluente T,600,9,43,+1,18%
PTNT3,Pettenati,600,9,31,+1,20%
SLED3,Saraiva,500,6,44,-0,16%
SNSY5,Sansuy,500,3,14,+0,64%
BGIP4,Banese,400,23,44,+0,60%
TEKA4,Teka,400,19,50,+1,04%
LIPR3,Eletropar,300,72,80,+0,00%
EKTR4,Elektro,300,39,00,-0,03%
GEPA3,Rio Paranapanema Energia,300,26,70,+0,19%
PLAS3,Plascar,300,8,79,+2,21%
MOAR3,Monteiro Aranha,200,425,00,+1,20%
UNIP5,Unipar,200,86,00,-0,56%
BAUH4,Excelsior,200,73,00,-0,01%
CEED3,CEEE D,200,25,00,+5,49%
GSHP3,General Shopping & Outlets,200,16,79,+0,00%
BRIV3,Alfa Investimento,200,10,37,+3,70%
BRIV4,Alfa Investimento,200,10,30,+3,10%
CTKA4,Karsten,200,10,10,+6,09%
IGTI4,Iguatemi,200,9,80,+0,93%
IGTI4,Jereissati Participações,200,9,80,+0,93%
CGAS3,Comgás,100,123,00,+2,48%
PEAB4,Participações Aliança da Bahia,100,72,00,-4,17%
ENMT3,Energisa MT,100,70,84,+1,34%
CPLE5,Copel,100,30,21,+5,63%
GEPA4,Rio Paranapanema Energia,100,26,22,-0,87%
BSLI3,Banco de Brasília,100,13,40,-3,60%
BDLL3,Bardella,100,11,86,-1,17%
SNSY3,Sansuy,100,5,00,+6,38%
BMKS3,Monark,32,349,90,+0,55%
EPAR3,EPAR3,2.300,12,79,+4,92%
CBEE3,Ampla Energia,1.100,13,27,-7,98%
PEAB3,Participações Aliança da Bahia,800,33,00,-0,87%
BRSR5,Banrisul,700,19,11,+7,97%
MERC4,Mercantil do Brasil Financeira,700,7,95,-3,05%
WHRL3,Whirlpool,600,4,63,+0,65%
HBTS5,Habitasul,200,42,00,+0,00%
NORD3,Nordon,200,6,73,-0,30%
TKNO4,Tekno,100,61,00,-3,94%
BGIP3,Banese,100,24,00,+0,00%
AHEB3,São Paulo Turismo,100,22,09,+0,00%
BSLI4,Banco de Brasília,100,12,39,+0,08%
BMEB3,Banco Mercantil do Brasil,100,12,35,+0,00%
RPAD5,Alfa Holdings,100,7,10,+0,00%
ENMT4,Energisa MT,5.900,71,85,+0,00%
FRIO3,Metalfrio,200,45,26,+0,00%
BNBR3,Banco do Nordeste,100,87,00,+2,96%
PATI3,Panatlântica,100,34,65,-1,00%
JOPA4,Josapar,100,33,80,-1,20%
CRIV3,Alfa Financeira,100,5,52,+3,76%
JOPA3,Josapar,900,21,51,-2,23%
GPAR3,CELGPAR,400,44,51,+6,18%
BMIN4,Banco Mercantil de Investimentos,400,15,00,+0,00%
CLSC3,Celesc,200,57,00,-3,23%
PATI4,Panatlântica,100,32,60,-6,86%
USIM6,Usiminas,3.000,16,35,+0,31%
DTCY3,Dtcom,1.600,6,00,+0,00%
CSRN3,COSERN,500,24,99,+4,17%
FIEI3,FIEI3,200,14,82,-1,20%
MODL3,Banco Modal,16.688.000,3,08,+0,33%
BRKM6,Braskem,2.400,18,86,-8,00%
CTKA3,Karsten,300,18,00,+4,71%
LUXM4,Trevisa,200,22,25,+3,58%
BMIN3,Banco Mercantil de Investimentos,200,21,75,+0,88%
ELET5,Eletrobras,100,80,00,+13,46%
SOND6,Sondotécnica,700,35,00,+8,19%
CSAB4,Cia. de Seg. Aliança da Bahia,400,45,99,+13,56%
RPAD6,Alfa Holdings,100,6,89,+1,77%
CSAB3,Cia. de Seg. Aliança da Bahia,100,30,07,-6,03%
MERC3,Mercantil do Brasil Financeira,51.500,15,28,+1,13%
DMFN3,DMFN3,100,12,60,+6,15%
BDLL4,Bardella,100,10,35,+0,49%
CALI3,Adolpho Lindenberg,500,13,50,+21,51%
CEGR3,Naturgy (CEG),100,85,00,-4,49%
BRGE8,Consórcio Alfa,100,10,03,+0,80%
CSRN6,COSERN,100,22,23,-0,22%
CRPG3,Tronox Pigmentos,100,40,00,-20,00%
MAPT3,Cemepe,300,30,05,+0,00%
SOND5,Sondotécnica,100,45,00,+12,50%
CSRN5,COSERN,100,25,98,-0,04%
AHEB6,São Paulo Turismo,100,18,51,-11,86%
CRDE3,CR2,400,16,00,+0,00%
ESTR3,Estrela,100,19,95,-1,34%
FESA3,Ferbasa,400,58,90,-7,35%
RPAD3,Alfa Holdings,700,7,45,+6,13%
IGBR3,IGB Eletrônica,700,175,99,+1,14%
COCE3,Coelce,100,48,62,+3,45%
BRGE11,Consórcio Alfa,100,9,99,+2,04%
BRGE6,Consórcio Alfa,400,9,45,-9,57%
MSPA4,Melhoramentos,100,40,00,+0,00%
MRSA6B,MRS Logística,200,22,00,-4,60%
BRGE7,Consórcio Alfa,400,9,29,+26,22%
AHEB5,São Paulo Turismo,100,18,50,+0,00%
DOHL3,Döhler,100,10,00,+0,00%
MWET3,Wetzel,200,13,28,-55,70%
EKTR3,Elektro,100,34,92,-3,19%
BRGE12,Consórcio Alfa,400,9,90,+0,10%
ODER4,Conservas Oderich,100,100,00,+12,35%
CEEB5,COELBA,100,35,24,+0,09%
EQPA7,Equatorial Energia Pará,300,7,01,-12,38%
PARD3,Hermes Pardini,1.861.800,18,10,+1,23%
CASN3,CASAN,100,10,43,-18,58%
WLMM3,WLM,500,20,00,-9,09%
MAPT4,Cemepe,200,6,82,-33,20%
CEED4,CEEE D,100,30,00,-14,29%
MTSA3,METISA,200,75,00,+0,00%
MRSA5B,MRS Logística,100,27,00,+22,39%
WIZS3,WIZS3,779.400,7,16,+1,99%
LLIS3,LLIS3,249.800,1,73,+2,98%
MSPA3,Melhoramentos,400,46,25,-7,52%
BRML3,BRMalls,16.132.900,8,26,+2,35%
DMMO3,Dommo Energia,3.254.800,1,76,-1,12%
EQPA5,Equatorial Energia Pará,100,8,64,+0,93%
GETT3,Getnet,46.500,2,40,+1,27%
GETT4,Getnet,18.500,2,40,+1,27%
SULA4,SulAmérica,18.600,7,63,+5,53%
SULA3,SulAmérica,4.000,7,43,+1,50%
BRGE5,Consórcio Alfa,800,11,53,+15,30%
MRSA3B,MRS Logística,100,26,00,+4,00%
CEPE5,CELPE,100,40,12,+0,02%
TCNO4,Tecnosolo,36.800,0,85,-9,57%
TCNO3,Tecnosolo,3.400,1,20,-1,64%
CEPE6,CELPE,100,43,00,+6,17%
BKBR3,BKBR3,782.300,7,63,+0,26%
MTIG4,Metalgráfica Iguaçu,100,23,00,+0,00%
BLUT4,Blue Tech Solutions,171.100,1,52,-5,59%
BLUT3,Blue Tech Solutions,13.400,5,14,+0,59%
MODL4,Banco Modal,700,2,72,-2,16%
CARD3,CARD3,118.000,14,51,+1,82%
SHUL3,Schulz,100,27,94,-50,12%
FIGE3,Investimentos Bemge,100,12,03,+99,83%
FNCN3,Finansinos,4.800,14,25,-0,35%
TEKA3,Teka,100,8,23,+1,73%
HETA3,Hercules,200,96,00,+0,00%
LCAM3,Locamerica,26.118.900,24,15,+1,86%
BIDI4,Banco Inter,52.479.800,3,41,-2,01%
BIDI3,Banco Inter,15.262.400,3,40,-2,58%
EEEL4,CEEE GT,100,410,00,-4,27%
EEEL3,CEEE GT,400,421,01,+5,25%
BBRK3,BBRK3,1.279.600,0,80,+1,27%
SOND3,Sondotécnica,200,46,01,+14,45%
CESP6,CESP,9.306.600,25,25,+1,41%
CESP3,CESP,11.500,25,55,+1,71%
CESP5,CESP,300,25,00,+2,75%
ECPR4,Encorpar,100,90,74,+0,42%
MOSI3,Mosaico,1.021.200,8,24,+3,00%
POWE3,Focus Energia,678.000,10,90,-2,24%
EQPA6,Equatorial Energia Pará,600,10,69,+0,09%
ECPR3,Encorpar,300,90,25,+12,97%
GNDI3,NotreDame Intermédica,33.458.600,65,34,+0,00%
LAME4,Lojas Americanas,43.631.000,6,55,+2,02%
LAME3,Lojas Americanas,10.941.100,6,62,+2,95%
OMGE3,Omega Geração,834.900,27,57,-0,86%
IGTA3,IGTA3,1.641.100,33,13,+0,18%
JPSA3,JPSA3,100.100,29,02,+1,75%
BRDT3,BRDT3,24.483.500,22,03,-5,17%
JBDU4,JBDU4,2.556.100,1,36,+3,82%
JBDU3,JBDU3,1.890.100,3,12,+9,09%
HGTX3,Hering,7.519.800,37,50,-2,65%
CCPR3,CCPR3,328.200,10,16,-4,51%
DTEX3,DTEX3,2.875.600,20,63,-3,10%
VVAR3,VVAR3,65.670.600,11,30,-6,38%
PNVL4,Dimed,2.000,18,62,-2,67%
TESA3,Terra Santa,41.100,48,00,-2,74%
BTOW3,BTOW3,11.169.600,68,00,+4,15%
LINX3,Linx,8.510.000,37,40,-0,27%
BTTL3,Embpar,6.100,19,72,-2,33%
GPCP3,GPCP3,698.100,49,00,-3,92%
GPCP4,GPCP4,5.300,45,51,-1,30%
SMLS3,Smiles,1.944.100,22,40,-1,71%
MMXM3,MMX Mineração,1.240.300,14,00,-30,35%
BSEV3,Biosev,528.800,9,00,+8,43%
CNTO3,CNTO3,2.083.600,28,08,+4,78%
TIET4,AES Tietê Energia,323.700,3,51,+1,15%
TIET3,AES Tietê Energia,169.100,3,49,+0,87%
CORR4,Corrêa Ribeiro,100,82,00,+18,84%
CEPE3,CELPE,1.300,128,00,+85,32%
CALI4,Adolpho Lindenberg,100,50,00,+4,17%
SNSY6,Sansuy,100,11,51,+4,64%
CASN4,CASAN,100,10,00,-16,67%
EMAE3,EMAE,100,26,01,+33,25%
BPAR3,Banpará,100,182,07,+20,58%
APTI4,Aliperti,200,3.500,00,-61,96%
VSPT3,FCA,1.000.000,4.999.999,50,+114,29%
MTIG3,Metalgráfica Iguaçu,400,156,30,+29,60%
FIGE4,Investimentos Bemge,100,38,01,-4,97%
LUXM3,Trevisa,200,10,00,+7,99%
TKNO3,Tekno,100,85,79,+10,64%
COCE6,Coelce,100,35,00,+16,63%
MGEL3,Mangels,100,75,00,+8,70%
CTSA8,Santanense,2.000,1,00,+0,00%
MMAQ4,Minasmáquinas,14,200,06,-28,55%
